INITIALIZATION
CREATE TABLE SSQ_1(ID INT, COL1 INT, FEAT1 FLOAT);
SUCCESS
CREATE TABLE SSQ_2(ID INT, COL2 INT, FEAT2 FLOAT);
SUCCESS
CREATE TABLE SSQ_3(ID INT, COL3 INT, FEAT3 FLOAT);
SUCCESS
CREATE TABLE SSQ_4(ID INT, COL4 CHAR(20));
SUCCESS

INSERT INTO SSQ_1 VALUES (47, 64, 44.89);
SUCCESS
INSERT INTO SSQ_1 VALUES (90, 89, 87.05);
SUCCESS
INSERT INTO SSQ_1 VALUES (21, 35, 22.10);
SUCCESS
INSERT INTO SSQ_1 VALUES (55, 72, 55.55);
SUCCESS

INSERT INTO SSQ_2 VALUES (10, 89, 15.20);
SUCCESS
INSERT INTO SSQ_2 VALUES (20, 45, 30.50);
SUCCESS
INSERT INTO SSQ_2 VALUES (30, 89, 45.75);
SUCCESS

TEST IN SUBQUERY
SELECT * FROM SSQ_1 WHERE COL1 IN (SELECT SSQ_2.COL2 FROM SSQ_2);
ID | COL1 | FEAT1
90 | 89 | 87.05

